{"mode": "train", "epoch": 4, "iter": 3650, "lr": 0.005, "memory": 9090, "data_time": 0.00258, "loss_rpn_cls": 0.06691, "loss_rpn_bbox": 0.04193, "s0.loss_cls": 0.2033, "s0.acc": 92.95117, "s0.loss_bbox": 0.23212, "s1.loss_cls": 0.15506, "s1.acc": 94.77151, "s1.loss_bbox": 0.27882, "loss": 0.97815, "grad_norm": 3.95211, "time": 0.88376}
{"mode": "train", "epoch": 4, "iter": 3700, "lr": 0.005, "memory": 9090, "data_time": 0.00249, "loss_rpn_cls": 0.06414, "loss_rpn_bbox": 0.04012, "s0.loss_cls": 0.17425, "s0.acc": 94.06055, "s0.loss_bbox": 0.1338, "s1.loss_cls": 0.1375, "s1.acc": 95.45055, "s1.loss_bbox": 0.26657, "loss": 0.81638, "grad_norm": 3.27325, "time": 0.87907}
{"mode": "train", "epoch": 4, "iter": 3750, "lr": 0.005, "memory": 9090, "data_time": 0.0025, "loss_rpn_cls": 0.05936, "loss_rpn_bbox": 0.0456, "s0.loss_cls": 0.18892, "s0.acc": 93.08008, "s0.loss_bbox": 0.20333, "s1.loss_cls": 0.15707, "s1.acc": 94.45366, "s1.loss_bbox": 0.30768, "loss": 0.96196, "grad_norm": 3.43685, "time": 0.88568}
{"mode": "train", "epoch": 4, "iter": 3800, "lr": 0.005, "memory": 9090, "data_time": 0.0025, "loss_rpn_cls": 0.06671, "loss_rpn_bbox": 0.04028, "s0.loss_cls": 0.18564, "s0.acc": 93.60742, "s0.loss_bbox": 0.16052, "s1.loss_cls": 0.1463, "s1.acc": 95.20458, "s1.loss_bbox": 0.27772, "loss": 0.87717, "grad_norm": 3.44615, "time": 0.88024}
{"mode": "train", "epoch": 4, "iter": 3850, "lr": 0.005, "memory": 9090, "data_time": 0.0024, "loss_rpn_cls": 0.05666, "loss_rpn_bbox": 0.04047, "s0.loss_cls": 0.18379, "s0.acc": 93.74805, "s0.loss_bbox": 0.14526, "s1.loss_cls": 0.15052, "s1.acc": 94.88821, "s1.loss_bbox": 0.30978, "loss": 0.88647, "grad_norm": 3.57376, "time": 0.87722}
{"mode": "train", "epoch": 4, "iter": 3900, "lr": 0.005, "memory": 9090, "data_time": 0.00269, "loss_rpn_cls": 0.06294, "loss_rpn_bbox": 0.04471, "s0.loss_cls": 0.19121, "s0.acc": 93.47266, "s0.loss_bbox": 0.17839, "s1.loss_cls": 0.15372, "s1.acc": 94.707, "s1.loss_bbox": 0.31079, "loss": 0.94176, "grad_norm": 3.48714, "time": 0.87317}
{"mode": "train", "epoch": 4, "iter": 3950, "lr": 0.005, "memory": 9090, "data_time": 0.00264, "loss_rpn_cls": 0.09926, "loss_rpn_bbox": 0.0589, "s0.loss_cls": 0.20417, "s0.acc": 92.85352, "s0.loss_bbox": 0.17849, "s1.loss_cls": 0.16265, "s1.acc": 94.44677, "s1.loss_bbox": 0.28219, "loss": 0.98566, "grad_norm": 3.51423, "time": 0.87604}
{"mode": "train", "epoch": 4, "iter": 4000, "lr": 0.005, "memory": 9090, "data_time": 0.00244, "loss_rpn_cls": 0.04911, "loss_rpn_bbox": 0.04533, "s0.loss_cls": 0.17988, "s0.acc": 93.93164, "s0.loss_bbox": 0.1604, "s1.loss_cls": 0.15149, "s1.acc": 94.86241, "s1.loss_bbox": 0.29907, "loss": 0.88527, "grad_norm": 3.46473, "time": 0.88194}
{"mode": "train", "epoch": 4, "iter": 4050, "lr": 0.005, "memory": 9090, "data_time": 0.0025, "loss_rpn_cls": 0.05869, "loss_rpn_bbox": 0.04064, "s0.loss_cls": 0.17092, "s0.acc": 94.10938, "s0.loss_bbox": 0.15814, "s1.loss_cls": 0.14501, "s1.acc": 95.11649, "s1.loss_bbox": 0.29002, "loss": 0.86342, "grad_norm": 3.27954, "time": 0.88243}
{"mode": "train", "epoch": 4, "iter": 4100, "lr": 0.005, "memory": 9090, "data_time": 0.00258, "loss_rpn_cls": 0.06895, "loss_rpn_bbox": 0.05242, "s0.loss_cls": 0.20071, "s0.acc": 93.14258, "s0.loss_bbox": 0.18235, "s1.loss_cls": 0.15494, "s1.acc": 94.90849, "s1.loss_bbox": 0.29141, "loss": 0.95079, "grad_norm": 3.7528, "time": 0.85514}
{"mode": "train", "epoch": 4, "iter": 4150, "lr": 0.005, "memory": 9090, "data_time": 0.00247, "loss_rpn_cls": 0.04624, "loss_rpn_bbox": 0.0398, "s0.loss_cls": 0.14504, "s0.acc": 95.0, "s0.loss_bbox": 0.13435, "s1.loss_cls": 0.12005, "s1.acc": 95.82582, "s1.loss_bbox": 0.27874, "loss": 0.76422, "grad_norm": 2.97025, "time": 0.85706}
{"mode": "train", "epoch": 4, "iter": 4200, "lr": 0.005, "memory": 9090, "data_time": 0.0026, "loss_rpn_cls": 0.06301, "loss_rpn_bbox": 0.03991, "s0.loss_cls": 0.17559, "s0.acc": 94.09766, "s0.loss_bbox": 0.14152, "s1.loss_cls": 0.14483, "s1.acc": 95.11928, "s1.loss_bbox": 0.27074, "loss": 0.83559, "grad_norm": 3.15758, "time": 0.856}
{"mode": "train", "epoch": 4, "iter": 4250, "lr": 0.005, "memory": 9090, "data_time": 0.00238, "loss_rpn_cls": 0.05684, "loss_rpn_bbox": 0.04026, "s0.loss_cls": 0.1529, "s0.acc": 94.59375, "s0.loss_bbox": 0.18686, "s1.loss_cls": 0.11741, "s1.acc": 95.96024, "s1.loss_bbox": 0.29031, "loss": 0.84457, "grad_norm": 3.35487, "time": 0.85616}
{"mode": "train", "epoch": 4, "iter": 4300, "lr": 0.005, "memory": 9090, "data_time": 0.00262, "loss_rpn_cls": 0.07753, "loss_rpn_bbox": 0.04424, "s0.loss_cls": 0.18828, "s0.acc": 93.99805, "s0.loss_bbox": 0.16378, "s1.loss_cls": 0.15252, "s1.acc": 95.20459, "s1.loss_bbox": 0.28165, "loss": 0.90799, "grad_norm": 3.521, "time": 0.86817}
{"mode": "train", "epoch": 4, "iter": 4350, "lr": 0.005, "memory": 9090, "data_time": 0.00252, "loss_rpn_cls": 0.05591, "loss_rpn_bbox": 0.04828, "s0.loss_cls": 0.17655, "s0.acc": 93.69922, "s0.loss_bbox": 0.18184, "s1.loss_cls": 0.14777, "s1.acc": 95.01109, "s1.loss_bbox": 0.28123, "loss": 0.89159, "grad_norm": 3.34435, "time": 0.88357}
{"mode": "train", "epoch": 4, "iter": 4400, "lr": 0.005, "memory": 9090, "data_time": 0.0025, "loss_rpn_cls": 0.07727, "loss_rpn_bbox": 0.03787, "s0.loss_cls": 0.17453, "s0.acc": 94.0918, "s0.loss_bbox": 0.1362, "s1.loss_cls": 0.14763, "s1.acc": 94.98462, "s1.loss_bbox": 0.24099, "loss": 0.81449, "grad_norm": 3.2997, "time": 0.8612}
{"mode": "train", "epoch": 4, "iter": 4450, "lr": 0.005, "memory": 9090, "data_time": 0.00248, "loss_rpn_cls": 0.05979, "loss_rpn_bbox": 0.04011, "s0.loss_cls": 0.18126, "s0.acc": 93.82227, "s0.loss_bbox": 0.15822, "s1.loss_cls": 0.15203, "s1.acc": 94.76129, "s1.loss_bbox": 0.29403, "loss": 0.88544, "grad_norm": 3.27018, "time": 0.85878}
{"mode": "train", "epoch": 4, "iter": 4500, "lr": 0.005, "memory": 9090, "data_time": 0.00254, "loss_rpn_cls": 0.0553, "loss_rpn_bbox": 0.03402, "s0.loss_cls": 0.18437, "s0.acc": 93.86523, "s0.loss_bbox": 0.16743, "s1.loss_cls": 0.14986, "s1.acc": 95.03506, "s1.loss_bbox": 0.2885, "loss": 0.87948, "grad_norm": 3.38284, "time": 0.86023}
{"mode": "train", "epoch": 4, "iter": 4550, "lr": 0.005, "memory": 9090, "data_time": 0.00256, "loss_rpn_cls": 0.04693, "loss_rpn_bbox": 0.03671, "s0.loss_cls": 0.18247, "s0.acc": 93.66016, "s0.loss_bbox": 0.18171, "s1.loss_cls": 0.15203, "s1.acc": 94.89745, "s1.loss_bbox": 0.30871, "loss": 0.90857, "grad_norm": 3.54255, "time": 0.85864}
{"mode": "train", "epoch": 4, "iter": 4600, "lr": 0.005, "memory": 9090, "data_time": 0.00252, "loss_rpn_cls": 0.06744, "loss_rpn_bbox": 0.04684, "s0.loss_cls": 0.15818, "s0.acc": 94.38086, "s0.loss_bbox": 0.13865, "s1.loss_cls": 0.13541, "s1.acc": 95.37459, "s1.loss_bbox": 0.2777, "loss": 0.82423, "grad_norm": 3.25032, "time": 0.88125}
{"mode": "train", "epoch": 4, "iter": 4650, "lr": 0.005, "memory": 9090, "data_time": 0.00266, "loss_rpn_cls": 0.06521, "loss_rpn_bbox": 0.03888, "s0.loss_cls": 0.17681, "s0.acc": 93.98828, "s0.loss_bbox": 0.15473, "s1.loss_cls": 0.1444, "s1.acc": 94.82041, "s1.loss_bbox": 0.28439, "loss": 0.86442, "grad_norm": 3.28189, "time": 0.88182}
